ModelID,OncotreeLineage,mbd4_status,rnf_low_parp_high_expr_proxy,rnf_low_parp_high_proxy,parp_mean_z,parp_median_z,parp_mean_auc,parp_n
ACH-001709,Lymphoid,LOF,True,False,-1.349457,-1.265891,0.8187856666666667,6
ACH-000883,CNS/Brain,LOF,False,False,-0.6365989999999999,-0.481585,0.90914925,4
ACH-000971,Bowel,LOF,False,False,-0.3264858,-0.429286,0.9522793999999999,5
ACH-000956,Prostate,LOF,False,False,0.1896118,0.104639,0.9214684,5
ACH-000963,Bowel,LOF,False,False,0.20339460000000004,0.183216,0.9703443999999999,5
ACH-000978,Uterus,LOF,False,False,0.2890984,0.436901,0.9601912,5
ACH-000985,Bowel,LOF,False,False,0.8497546,0.765322,0.9683987999999999,5
ACH-000936,Ovary/Fallopian Tube,LOF,False,False,1.1646172,1.179378,0.9710941999999999,5
ACH-000290,Lung,WT_no_MBD4_record,False,False,-3.1202638,-3.069376,0.6279058,5
ACH-000070,Lymphoid,WT_no_MBD4_record,False,False,-2.973526,-3.06718,0.6435408,5
ACH-000059,Lymphoid,WT_no_MBD4_record,True,False,-2.8914812,-2.919528,0.6523394,5
ACH-000087,Bone,WT_no_MBD4_record,False,False,-2.5169328,-2.530806,0.6739356,5
ACH-000226,Lymphoid,WT_no_MBD4_record,False,False,-2.2800422,-1.973012,0.7419056,5
ACH-000586,Lung,WT_no_MBD4_record,False,False,-2.1563098,-2.364757,0.7230012,5
ACH-000362,Myeloid,WT_no_MBD4_record,False,False,-2.1562012,-2.278049,0.8031048000000001,5
ACH-000045,Myeloid,WT_no_MBD4_record,False,False,-2.093098,-2.054954,0.811045,5
ACH-001106,Lymphoid,WT_no_MBD4_record,False,False,-2.0759946,-2.269618,0.7418106,5
ACH-000258,Breast,WT_no_MBD4_record,False,False,-1.9298036,-1.642073,0.8467852,5
ACH-000257,Lung,WT_no_MBD4_record,False,False,-1.90693275,-2.1057745,0.77159375,4
ACH-000639,Lung,WT_no_MBD4_record,False,True,-1.8950342,-2.287973,0.7877612,5
ACH-000113,Myeloid,WT_no_MBD4_record,False,False,-1.8915625999999999,-1.884661,0.8507732000000001,5
ACH-000233,Lymphoid,WT_no_MBD4_record,False,False,-1.7997454000000002,-1.707149,0.7869124000000001,5
ACH-000697,Lymphoid,WT_no_MBD4_record,True,False,-1.7867774,-1.7355,0.8621836,5
ACH-000922,Lymphoid,WT_no_MBD4_record,False,False,-1.7801496,-2.187881,0.7835136,5
ACH-000538,Bowel,WT_no_MBD4_record,False,False,-1.741767,-1.432476,0.7726288,5
ACH-000463,Lung,WT_no_MBD4_record,False,False,-1.7330818000000001,-1.813515,0.7555018,5
ACH-000391,Bone,WT_no_MBD4_record,False,True,-1.6337842000000002,-1.834384,0.7863659999999999,5
ACH-000938,Lymphoid,WT_no_MBD4_record,True,False,-1.6133250000000001,-1.784039,0.8042726,5
ACH-000703,Lung,WT_no_MBD4_record,False,False,-1.5728848000000002,-1.80358,0.7891974,5
ACH-000338,Lymphoid,WT_no_MBD4_record,False,False,-1.54008825,-1.5465155,0.926945,4
ACH-000583,Lymphoid,WT_no_MBD4_record,True,False,-1.5015482,-1.2761,0.8247478000000001,5
ACH-001642,Lymphoid,WT_no_MBD4_record,False,False,-1.4949932000000001,-1.497637,0.8365106000000001,5
ACH-001703,Lymphoid,WT_no_MBD4_record,True,False,-1.4771956,-1.531397,0.845467,5
ACH-000052,Bone,WT_no_MBD4_record,False,False,-1.4164808,-1.8787,0.8085824,5
ACH-000210,Bone,WT_no_MBD4_record,False,False,-1.4058214,-1.494029,0.8009112,5
ACH-002290,Myeloid,WT_no_MBD4_record,False,False,-1.391689,-1.3906995,0.85870075,4
ACH-000657,Ovary/Fallopian Tube,WT_no_MBD4_record,True,False,-1.3766180000000001,-1.113963,0.8406739999999999,5
ACH-000424,Bone,WT_no_MBD4_record,False,False,-1.3559092,-1.267963,0.8351606,5
ACH-000259,Peripheral Nervous System,WT_no_MBD4_record,False,False,-1.3427734,-1.302176,0.8887268,5
ACH-000078,Peripheral Nervous System,WT_no_MBD4_record,False,False,-1.3200268,-1.391033,0.8100849999999999,5
ACH-000326,Myeloid,WT_no_MBD4_record,False,False,-1.310886,-1.3244945000000001,0.9397445,4
ACH-000874,Lymphoid,WT_no_MBD4_record,False,False,-1.3051008,-1.170381,0.8754772000000001,5
ACH-000607,Kidney,WT_no_MBD4_record,False,False,-1.2446367999999999,-1.429127,0.8539476,5
ACH-000372,Lymphoid,WT_no_MBD4_record,False,False,-1.2391029999999998,-1.138977,0.8466676666666667,3
ACH-000400,Bowel,WT_no_MBD4_record,False,False,-1.2187462,-1.775522,0.7923484000000001,5
ACH-001193,Bone,WT_no_MBD4_record,False,False,-1.2027702,-1.231314,0.850666,5
ACH-000654,Lymphoid,WT_no_MBD4_record,True,False,-1.1993368,-1.140573,0.8426288,5
ACH-000198,Myeloid,WT_no_MBD4_record,False,False,-1.1992664,-1.303367,0.9403181999999999,5
ACH-000151,Lymphoid,WT_no_MBD4_record,False,False,-1.198666,-1.305471,0.9154595999999999,5
ACH-000074,Myeloid,WT_no_MBD4_record,False,False,-1.1486374,-1.001754,0.8791119999999999,5
ACH-000581,Esophagus/Stomach,WT_no_MBD4_record,False,False,-1.1341985,-1.3513995,0.93331,4
ACH-000788,Skin,WT_no_MBD4_record,False,False,-1.1088184,-0.810362,0.8664569999999999,5
ACH-000101,Lymphoid,WT_no_MBD4_record,False,False,-1.1021942,-0.974284,0.9355542,10
ACH-000389,CNS/Brain,WT_no_MBD4_record,False,False,-1.097122,-1.455352,0.8616954,5
ACH-002291,Testis,WT_no_MBD4_record,False,False,-1.074154,-1.408829,0.8092705,4
ACH-000137,CNS/Brain,WT_no_MBD4_record,False,False,-1.0045198,-1.006031,0.873731,5
ACH-000168,Myeloid,WT_no_MBD4_record,False,False,-0.9749776000000001,-1.015886,0.9095196,5
ACH-000004,Myeloid,WT_no_MBD4_record,False,False,-0.9718932,-1.003262,0.9200666,5
ACH-000896,Bladder/Urinary Tract,WT_no_MBD4_record,True,False,-0.940556,-1.235496,0.8439114,5
ACH-000953,Lymphoid,WT_no_MBD4_record,False,False,-0.9362492,-0.884337,0.8728300000000001,5
ACH-000371,Lymphoid,WT_no_MBD4_record,True,False,-0.9326842,-0.796954,0.8444112,5
ACH-000913,Uterus,WT_no_MBD4_record,False,False,-0.9103362,-0.883163,0.8962102,5
ACH-000120,Peripheral Nervous System,WT_no_MBD4_record,False,False,-0.900332,-0.909485,0.8748735999999999,5
ACH-002214,Lymphoid,WT_no_MBD4_record,False,False,-0.8918573999999999,-1.153691,0.9521514,10
ACH-000763,Lymphoid,WT_no_MBD4_record,True,False,-0.8904716,-1.133342,0.9458002000000001,5
ACH-000767,Lung,WT_no_MBD4_record,False,False,-0.8869854,-0.523787,0.9111330000000001,5
ACH-000966,Ovary/Fallopian Tube,WT_no_MBD4_record,False,False,-0.8817686,-0.594175,0.8826094,5
ACH-000525,Lung,WT_no_MBD4_record,False,False,-0.8696234,-0.857493,0.9583112,5
ACH-000053,Lymphoid,WT_no_MBD4_record,False,False,-0.86195225,-0.6816504999999999,0.92623575,4
ACH-001530,Uterus,WT_no_MBD4_record,False,False,-0.8613248,-0.986373,0.8355204,5
ACH-000871,Lung,WT_no_MBD4_record,False,False,-0.8544226,-0.765244,0.9436602000000001,5
ACH-000301,Myeloid,WT_no_MBD4_record,False,False,-0.8482826000000001,-0.755619,0.9594688,5
ACH-000816,Lung,WT_no_MBD4_record,False,False,-0.8423653999999999,-1.172552,0.9498536,5
ACH-000345,Peripheral Nervous System,WT_no_MBD4_record,False,False,-0.8353562,-0.94175,0.8317688000000001,5
ACH-001680,Lymphoid,WT_no_MBD4_record,True,False,-0.8310297999999999,-0.587828,0.958077,5
ACH-000373,Myeloid,WT_no_MBD4_record,False,False,-0.8307005999999999,-0.89613,0.9470428,5
ACH-000983,Myeloid,WT_no_MBD4_record,False,False,-0.8245844,-0.741484,0.9422396,5
ACH-000187,Lung,WT_no_MBD4_record,False,False,-0.8086018000000001,-0.726458,0.910581,5
ACH-000431,Lung,WT_no_MBD4_record,False,False,-0.7800498,-0.772321,0.8630578,5
ACH-000817,Lymphoid,WT_no_MBD4_record,False,False,-0.7578938000000001,-0.866982,0.9649051999999999,5
ACH-000366,Peripheral Nervous System,WT_no_MBD4_record,False,False,-0.7569208,-0.572434,0.923624,5
ACH-001075,Lung,WT_no_MBD4_record,False,False,-0.749108,-0.734484,0.8247384,5
ACH-000211,CNS/Brain,WT_no_MBD4_record,False,False,-0.736151,-0.959333,0.8953434,5
ACH-002215,Lymphoid,WT_no_MBD4_record,False,False,-0.7355162,-0.582691,0.9762524000000001,5
ACH-000295,Myeloid,WT_no_MBD4_record,False,False,-0.7165117999999999,-0.663258,0.9438435999999999,5
ACH-000096,Kidney,WT_no_MBD4_record,False,False,-0.7155238,-0.765161,0.8598844,5
ACH-000394,Lung,WT_no_MBD4_record,False,False,-0.7099124,-0.727346,0.8883724000000001,5
ACH-000099,Peripheral Nervous System,WT_no_MBD4_record,False,False,-0.7097208,-0.610677,0.8851972,5
ACH-000750,Skin,WT_no_MBD4_record,False,False,-0.706095,-0.848825,0.8996102,5
ACH-000977,Prostate,WT_no_MBD4_record,False,False,-0.6992342,-0.776645,0.8953631999999999,5
ACH-000263,Myeloid,WT_no_MBD4_record,False,False,-0.6955302000000001,-0.857345,0.9676978,5
ACH-000104,Lymphoid,WT_no_MBD4_record,False,False,-0.6853667999999999,-0.587878,0.9595364,5
ACH-000358,Lung,WT_no_MBD4_record,False,True,-0.68085,-0.5366175,0.93236875,4
ACH-000050,Lymphoid,WT_no_MBD4_record,False,False,-0.6775468,-0.537953,0.9441756,5
ACH-000847,Esophagus/Stomach,WT_no_MBD4_record,False,False,-0.6741772500000001,-0.9066235,0.957832,4
ACH-000610,Lung,WT_no_MBD4_record,False,False,-0.6707892,-0.918058,0.8292591999999999,5
ACH-000481,Lung,WT_no_MBD4_record,True,False,-0.6576422,-0.674744,0.8693415999999999,5
ACH-000365,Lymphoid,WT_no_MBD4_record,False,False,-0.6501646,-0.664455,0.9607905999999999,5
ACH-001528,Thyroid,WT_no_MBD4_record,False,False,-0.64903,-0.613174,0.919557,5
ACH-000355,Lung,WT_no_MBD4_record,False,False,-0.6222124,-0.355557,0.942502,5
ACH-001400,Vulva/Vagina,WT_no_MBD4_record,False,False,-0.610854,-0.615512,0.9143281999999999,5
ACH-000336,Myeloid,WT_no_MBD4_record,False,False,-0.6073178,-0.76968,0.9434308,5
ACH-000273,CNS/Brain,WT_no_MBD4_record,False,False,-0.6053930000000001,-0.731073,0.9170757999999999,5
ACH-000348,Skin,WT_no_MBD4_record,False,False,-0.5877896,-0.408027,0.930368,5
ACH-000334,Lymphoid,WT_no_MBD4_record,False,False,-0.5868551999999999,-0.534092,0.9348722,5
ACH-000866,Lung,WT_no_MBD4_record,False,False,-0.5846556,-0.52778,0.8924972,5
ACH-000754,Lymphoid,WT_no_MBD4_record,True,False,-0.57961,-0.519404,0.9520198000000001,5
ACH-000048,Ovary/Fallopian Tube,WT_no_MBD4_record,False,False,-0.5782116,-0.591025,0.9096596,5
ACH-000699,Breast,WT_no_MBD4_record,False,False,-0.57338625,-0.43218,0.9245362500000001,4
ACH-000800,Lung,WT_no_MBD4_record,False,False,-0.5644712000000001,-0.518118,0.949883,5
ACH-000780,Lung,WT_no_MBD4_record,False,False,-0.5407586,-0.82656,0.899663,5
ACH-000506,Lung,WT_no_MBD4_record,False,False,-0.5322188,-0.698774,0.9131972000000002,5
ACH-000378,Lung,WT_no_MBD4_record,False,False,-0.5262127999999999,-0.52999,0.9068267999999999,5
ACH-000311,Lung,WT_no_MBD4_record,False,False,-0.5203396,-0.519641,0.9586378,5
ACH-000803,Lung,WT_no_MBD4_record,False,False,-0.5037054,-0.493395,0.8928214000000001,5
ACH-000375,Kidney,WT_no_MBD4_record,False,False,-0.49560960000000004,-0.634659,0.9054824,5
ACH-000696,Ovary/Fallopian Tube,WT_no_MBD4_record,False,False,-0.47767160000000003,-0.445095,0.9403750000000001,5
ACH-000838,Lymphoid,WT_no_MBD4_record,False,False,-0.47113879999999997,-0.763093,0.9714114,5
ACH-000664,Lymphoid,WT_no_MBD4_record,False,False,-0.4553712,0.204499,0.8367634,5
ACH-000694,Esophagus/Stomach,WT_no_MBD4_record,False,False,-0.44801919999999995,0.275241,0.933062,5
ACH-000227,Peripheral Nervous System,WT_no_MBD4_record,False,False,-0.43360560000000004,-0.69698,0.8827282000000001,5
ACH-000007,Bowel,WT_no_MBD4_record,False,True,-0.43007325,-0.2858545,0.9462345,4
ACH-000469,CNS/Brain,WT_no_MBD4_record,False,False,-0.4274662,-0.201151,0.9283944,5
ACH-000024,Lymphoid,WT_no_MBD4_record,False,False,-0.4185134,-0.48076,0.9765358000000001,5
ACH-000729,Lung,WT_no_MBD4_record,False,False,-0.41333780000000003,-0.398925,0.9577342,5
ACH-000062,Lung,WT_no_MBD4_record,False,False,-0.41228560000000003,-0.315589,0.9289956,5
ACH-000856,Breast,WT_no_MBD4_record,False,False,-0.4026198000000001,-0.590107,0.8811674,5
ACH-000974,Uterus,WT_no_MBD4_record,False,False,-0.40169879999999997,-0.596487,0.9573324,5
ACH-000790,Lung,WT_no_MBD4_record,False,False,-0.3939282,-0.350251,0.967989,5
ACH-000183,Lymphoid,WT_no_MBD4_record,False,False,-0.3897686,-0.043678,0.9878818,5
ACH-000146,Myeloid,WT_no_MBD4_record,False,False,-0.387374,-0.127969,0.9171936,5
ACH-000376,CNS/Brain,WT_no_MBD4_record,False,False,-0.3776352,-0.437309,0.8975377999999999,5
ACH-000486,Bladder/Urinary Tract,WT_no_MBD4_record,False,False,-0.3689112,-0.537518,0.9490079999999999,5
ACH-000670,Lung,WT_no_MBD4_record,False,False,-0.3606402,-0.424806,0.9495894,5
ACH-001333,Cervix,WT_no_MBD4_record,False,False,-0.3606288,-0.226612,0.9370588,5
ACH-001274,Soft Tissue,WT_no_MBD4_record,False,False,-0.3560054,-0.371818,0.9182854,5
ACH-001674,Peripheral Nervous System,WT_no_MBD4_record,False,False,-0.3468112,-0.244938,0.9581084000000001,5
ACH-000939,Uterus,WT_no_MBD4_record,False,False,-0.34265179999999995,-0.182591,0.9596366,5
ACH-000354,Pancreas,WT_no_MBD4_record,False,False,-0.3353956,-0.52257,0.9128426,5
ACH-000496,Lung,WT_no_MBD4_record,False,False,-0.3340164,-0.22416,0.9491191999999999,5
ACH-001526,Bone,WT_no_MBD4_record,False,False,-0.33344500000000005,-0.163306,0.915424,5
ACH-000900,Lung,WT_no_MBD4_record,False,False,-0.3243874,-0.162204,0.956082,5
ACH-000132,Ovary/Fallopian Tube,WT_no_MBD4_record,False,False,-0.3236025,-0.29216200000000003,0.89273425,4
ACH-000129,Cervix,WT_no_MBD4_record,False,False,-0.3166415,-0.536601,0.9289405000000001,4
ACH-000832,Head and Neck,WT_no_MBD4_record,False,False,-0.3141248,-0.421726,0.9171582,5
ACH-000219,Skin,WT_no_MBD4_record,False,False,-0.3116866,-0.374053,0.9156624000000001,5
ACH-000937,Lymphoid,WT_no_MBD4_record,False,False,-0.310491,-0.2997,0.9623258,5
ACH-000935,Bowel,WT_no_MBD4_record,False,False,-0.3085598,-0.380517,0.9271533999999999,5
ACH-000624,Breast,WT_no_MBD4_record,False,True,-0.30179659999999997,-0.343429,0.9600690000000001,5
ACH-000416,Lung,WT_no_MBD4_record,False,False,-0.2886664,-0.224534,0.9434406,5
ACH-000323,CNS/Brain,WT_no_MBD4_record,False,False,-0.284205,-0.287888,0.9209862,5
ACH-000688,Ovary/Fallopian Tube,WT_no_MBD4_record,False,False,-0.28360399999999997,-0.307303,0.9197092,5
ACH-001489,Lung,WT_no_MBD4_record,False,False,-0.27073080000000005,-0.363885,0.910012,5
ACH-000247,Esophagus/Stomach,WT_no_MBD4_record,False,True,-0.2691788,-0.633363,0.9190012,5
ACH-000770,Myeloid,WT_no_MBD4_record,False,False,-0.266101,-0.606373,0.971368,4
ACH-000943,Bowel,WT_no_MBD4_record,False,False,-0.24136439999999998,-0.280885,0.9654788,5
ACH-000572,Skin,WT_no_MBD4_record,False,False,-0.2390934,-0.187286,0.9518912,5
ACH-000653,Lymphoid,WT_no_MBD4_record,True,False,-0.23331620000000003,-0.642897,0.986408,5
ACH-000439,Myeloid,WT_no_MBD4_record,False,False,-0.2309596,-0.225584,0.9676306,5
ACH-000207,Head and Neck,WT_no_MBD4_record,False,False,-0.22334939999999998,-0.115361,0.9549607999999999,5
ACH-000411,Kidney,WT_no_MBD4_record,False,False,-0.21595460000000002,-0.208911,0.932311,5
ACH-001715,Bone,WT_no_MBD4_record,False,False,-0.20928399999999997,-0.184185,0.932609,5
ACH-000488,Esophagus/Stomach,WT_no_MBD4_record,False,False,-0.19422580000000003,0.08793,0.9595366000000001,5
ACH-000015,Lung,WT_no_MBD4_record,False,False,-0.166483,-0.100803,0.969652,5
ACH-000905,Bladder/Urinary Tract,WT_no_MBD4_record,False,False,-0.1648518,-0.259668,0.9349686,5
ACH-000973,Bladder/Urinary Tract,WT_no_MBD4_record,False,False,-0.16155420000000004,-0.277552,0.9238072,5
ACH-000849,Breast,WT_no_MBD4_record,False,False,-0.159209,-0.146865,0.9493544,5
ACH-000508,Lung,WT_no_MBD4_record,False,False,-0.14120275,-0.1583155,0.9484125,4
ACH-000880,Esophagus/Stomach,WT_no_MBD4_record,False,False,-0.14028,-0.200035,0.9578371999999999,5
ACH-000827,Skin,WT_no_MBD4_record,False,False,-0.13916900000000001,-0.259443,0.9220414,5
ACH-001543,Head and Neck,WT_no_MBD4_record,False,False,-0.13652580000000003,0.049453,0.9641648,5
ACH-000698,Lung,WT_no_MBD4_record,False,False,-0.13144640000000002,-0.105597,0.9400981999999999,5
ACH-000768,Breast,WT_no_MBD4_record,False,False,-0.124215,0.000154,0.9543164000000001,5
ACH-000530,Lung,WT_no_MBD4_record,False,False,-0.12365300000000001,-0.140331,0.9544718,5
ACH-000802,Bladder/Urinary Tract,WT_no_MBD4_record,False,False,-0.11739119999999999,-0.265098,0.9605136,5
ACH-000092,Pleura,WT_no_MBD4_record,False,False,-0.11360125,-0.0364245,0.88644475,4
ACH-000265,Pancreas,WT_no_MBD4_record,False,False,-0.11025139999999997,-0.154682,0.97309,5
ACH-001711,CNS/Brain,WT_no_MBD4_record,False,False,-0.10016666666666664,0.201882,0.9442643333333333,3
ACH-000749,Lung,WT_no_MBD4_record,False,False,-0.09663340000000001,0.090823,0.9335988000000001,5
ACH-000440,Lymphoid,WT_no_MBD4_record,True,False,-0.0899408,-0.202832,0.9588986,5
ACH-000929,Lung,WT_no_MBD4_record,False,False,-0.08734559999999998,-0.337788,0.9394444,5
ACH-000568,Breast,WT_no_MBD4_record,False,False,-0.07129299999999998,0.027133500000000005,0.92382575,4
ACH-000986,Bowel,WT_no_MBD4_record,False,False,-0.07054940000000001,0.160082,0.953943,5
ACH-000318,Esophagus/Stomach,WT_no_MBD4_record,False,False,-0.06873719999999997,-0.405902,0.958534,5
ACH-000589,Lung,WT_no_MBD4_record,False,False,-0.06489299999999998,0.005281,0.9492752,5
ACH-000359,Bone,WT_no_MBD4_record,False,False,-0.0642942,-0.095777,0.9394766000000001,5
ACH-000846,Head and Neck,WT_no_MBD4_record,False,False,-0.05506679999999999,-0.358936,0.9425136000000001,5
ACH-000714,Lymphoid,WT_no_MBD4_record,False,False,-0.05000399999999999,0.182521,0.9731152,5
ACH-000783,Breast,WT_no_MBD4_record,False,False,-0.04849939999999999,-0.062681,0.9696809999999999,5
ACH-000429,Kidney,WT_no_MBD4_record,False,False,-0.0449646,-0.029249,0.9415558,5
ACH-000932,Esophagus/Stomach,WT_no_MBD4_record,False,False,-0.026565000000000005,-0.070923,0.9577646,5
ACH-000756,CNS/Brain,WT_no_MBD4_record,False,False,-0.008648999999999995,-0.089543,0.9664196,5
ACH-000713,Ovary/Fallopian Tube,WT_no_MBD4_record,False,False,-0.005924199999999979,0.037291,0.9293060000000001,5
ACH-000852,Lung,WT_no_MBD4_record,False,False,0.002634199999999964,-0.281687,0.9867756,5
ACH-000668,Breast,WT_no_MBD4_record,False,True,0.008066600000000024,-0.055234,0.9698638,5
ACH-000792,Kidney,WT_no_MBD4_record,False,False,0.012464999999999993,-0.281118,0.9458866,5
ACH-000830,Lung,WT_no_MBD4_record,False,True,0.017752200000000006,0.053235,0.9704668,5
ACH-000535,Pancreas,WT_no_MBD4_record,False,False,0.021395799999999986,0.194086,0.9534902000000001,5
ACH-001401,Adrenal Gland,WT_no_MBD4_record,False,False,0.02679840000000002,0.257686,0.970813,5
ACH-000917,Esophagus/Stomach,WT_no_MBD4_record,False,False,0.027752199999999984,-0.13905,0.9769568,5
ACH-000145,Soft Tissue,WT_no_MBD4_record,False,False,0.029274,-0.042475,0.9622632,10
ACH-000911,Esophagus/Stomach,WT_no_MBD4_record,False,False,0.031261399999999995,0.238223,0.9138310000000001,5
ACH-001334,Cervix,WT_no_MBD4_record,False,False,0.03426999999999999,-0.156207,0.9726476,5
ACH-000740,Head and Neck,WT_no_MBD4_record,False,False,0.038087800000000005,-0.080318,0.9747598,5
ACH-000769,Lung,WT_no_MBD4_record,False,False,0.042388999999999996,0.008039,0.9495424,5
ACH-000843,Lung,WT_no_MBD4_record,False,False,0.0447788,0.032446,0.9491126,5
ACH-000957,Bowel,WT_no_MBD4_record,False,False,0.04698739999999999,-0.119665,0.9241692,5
ACH-000965,Uterus,WT_no_MBD4_record,False,False,0.06322139999999998,0.352944,0.961233,5
ACH-000322,Skin,WT_no_MBD4_record,False,False,0.07968739999999999,-0.112466,0.9679917999999998,5
ACH-000228,Head and Neck,WT_no_MBD4_record,False,False,0.080861,0.176457,0.9742416,5
ACH-000399,Lung,WT_no_MBD4_record,False,False,0.084654,-0.200305,0.9328723999999999,5
ACH-000778,Head and Neck,WT_no_MBD4_record,False,False,0.0865272,-0.140418,0.9571251999999999,5
ACH-001702,Soft Tissue,WT_no_MBD4_record,False,False,0.087257,0.232311,0.9164026,5
ACH-000343,Lung,WT_no_MBD4_record,False,False,0.0898144,-0.145281,0.9677264000000001,5
ACH-000075,CNS/Brain,WT_no_MBD4_record,False,False,0.09008100000000001,0.27309,0.9352680000000001,3
ACH-000934,Breast,WT_no_MBD4_record,False,False,0.09203140000000001,0.098336,0.973692,5
ACH-000958,Bowel,WT_no_MBD4_record,False,False,0.103904,0.084914,0.9201982000000001,5
ACH-000805,Skin,WT_no_MBD4_record,False,False,0.12175639999999999,0.12832,0.9429708,5
ACH-000855,Esophagus/Stomach,WT_no_MBD4_record,False,False,0.12544325,0.0385385,0.96189675,4
ACH-000174,Thyroid,WT_no_MBD4_record,False,False,0.1261262,0.236716,0.9293134000000001,5
ACH-000948,Esophagus/Stomach,WT_no_MBD4_record,False,False,0.13126,-0.024717,0.9526718000000001,5
ACH-000551,Myeloid,WT_no_MBD4_record,False,False,0.13298200000000002,-0.060094,0.976263,5
ACH-000315,Lymphoid,WT_no_MBD4_record,True,False,0.1337766,0.52659,0.9640618,5
ACH-001442,Skin,WT_no_MBD4_record,False,False,0.1359042,0.260735,0.9333736,5
ACH-000947,Ovary/Fallopian Tube,WT_no_MBD4_record,False,False,0.13677559999999997,0.081521,0.9271226,5
ACH-000814,Skin,WT_no_MBD4_record,False,False,0.1370088,0.193223,0.9396976,5
ACH-000693,Esophagus/Stomach,WT_no_MBD4_record,False,False,0.13714140000000002,0.183748,0.9816622,5
ACH-000667,Lung,WT_no_MBD4_record,False,False,0.14429799999999998,0.301956,0.9601424,5
ACH-000747,Lung,WT_no_MBD4_record,False,False,0.14567924999999998,0.2136165,0.9702850000000001,4
ACH-000914,Lymphoid,WT_no_MBD4_record,True,False,0.14832,0.189843,0.8977762,5
ACH-000248,Breast,WT_no_MBD4_record,False,False,0.150275,0.158048,0.9658016,5
ACH-000649,Kidney,WT_no_MBD4_record,False,False,0.1718306,0.300752,0.9591778,5
ACH-000111,Breast,WT_no_MBD4_record,False,False,0.1763032,0.000556,0.9783592000000001,5
ACH-000452,Esophagus/Stomach,WT_no_MBD4_record,False,False,0.17713399999999999,0.168015,0.9474334000000001,5
ACH-000691,Breast,WT_no_MBD4_record,False,True,0.1781666,0.338982,0.9858319999999999,5
ACH-000919,Esophagus/Stomach,WT_no_MBD4_record,False,False,0.182899,0.111364,0.9656321999999999,5
ACH-000859,Breast,WT_no_MBD4_record,False,False,0.19201680000000002,-0.160947,0.9779392,5
ACH-000447,Lung,WT_no_MBD4_record,False,True,0.1954748,0.114625,0.921301,5
ACH-000903,Thyroid,WT_no_MBD4_record,False,False,0.20002020000000004,0.307655,0.9488372,5
ACH-000221,Liver,WT_no_MBD4_record,False,False,0.200042,0.210279,0.9527834000000001,5
ACH-000643,Breast,WT_no_MBD4_record,False,False,0.20258339999999997,0.05293,0.9588844,5
ACH-000320,Pancreas,WT_no_MBD4_record,False,False,0.2030928,0.169297,0.9362275999999999,5
ACH-000142,Bladder/Urinary Tract,WT_no_MBD4_record,False,False,0.2044626,0.109912,0.9562386,5
ACH-000504,CNS/Brain,WT_no_MBD4_record,False,False,0.208033,0.097526,0.9414038,5
ACH-000441,Skin,WT_no_MBD4_record,False,False,0.2092406,0.637801,0.9565132000000001,5
ACH-000480,Liver,WT_no_MBD4_record,False,False,0.21221600000000002,0.101623,0.9581484,5
ACH-000955,Bowel,WT_no_MBD4_record,False,False,0.220559,-0.025399,0.9424032,5
ACH-000191,Thyroid,WT_no_MBD4_record,False,False,0.2205724,0.169215,0.9616868000000001,5
ACH-000879,Uterus,WT_no_MBD4_record,False,False,0.2228768,0.420884,0.9715146000000001,5
ACH-000910,Breast,WT_no_MBD4_record,True,False,0.2232818,0.463537,0.9624436,5
ACH-000341,Peripheral Nervous System,WT_no_MBD4_record,False,False,0.22497699999999998,0.25517650000000003,0.96628425,4
ACH-000969,Bowel,WT_no_MBD4_record,False,False,0.22504980000000002,0.224086,0.951471,5
ACH-000098,CNS/Brain,WT_no_MBD4_record,False,False,0.22577699999999998,0.051286,0.9602040000000001,5
ACH-000704,Ovary/Fallopian Tube,WT_no_MBD4_record,False,False,0.22857333333333332,0.191567,0.9308713333333333,3
ACH-000766,Lung,WT_no_MBD4_record,False,False,0.22873775000000002,0.1422235,0.95358725,4
ACH-000361,Liver,WT_no_MBD4_record,False,False,0.23743659999999997,0.029969,0.9736682,5
ACH-000536,Breast,WT_no_MBD4_record,False,False,0.24191060000000003,0.144969,0.9855892,5
ACH-000349,Breast,WT_no_MBD4_record,False,False,0.24312579999999998,0.286633,0.981058,5
ACH-000679,Esophagus/Stomach,WT_no_MBD4_record,False,False,0.2491058,0.341744,0.94533,5
ACH-000395,Lung,WT_no_MBD4_record,False,False,0.2540224,0.0875,0.94269,5
ACH-000008,Skin,WT_no_MBD4_record,False,False,0.2558438,0.109186,0.9501898000000001,5
ACH-000046,Kidney,WT_no_MBD4_record,False,False,0.2575708,0.079101,0.9306566000000001,5
ACH-000401,Skin,WT_no_MBD4_record,False,False,0.258004,0.202652,0.9546172,5
ACH-000522,Bladder/Urinary Tract,WT_no_MBD4_record,False,False,0.259038,0.239742,0.96035225,4
ACH-000882,Skin,WT_no_MBD4_record,False,False,0.2658582,0.197104,0.9769206,5
ACH-000260,Peripheral Nervous System,WT_no_MBD4_record,False,False,0.2672318,0.455641,0.9477914000000001,5
ACH-000363,Lymphoid,WT_no_MBD4_record,False,False,0.2673298,0.412978,0.9636435999999999,5
ACH-000457,Kidney,WT_no_MBD4_record,False,False,0.270796,0.48851,0.9333992,5
ACH-000781,Lung,WT_no_MBD4_record,False,False,0.2775642,0.48211,0.9258692,5
ACH-000570,CNS/Brain,WT_no_MBD4_record,False,False,0.2791378,0.312357,0.9474442,5
ACH-001704,Skin,WT_no_MBD4_record,False,False,0.282589,0.102385,0.9402469999999999,5
ACH-000437,CNS/Brain,WT_no_MBD4_record,False,False,0.2832382,0.189613,0.9403347999999999,5
ACH-000001,Ovary/Fallopian Tube,WT_no_MBD4_record,False,False,0.2835604,0.354945,0.9672955999999999,5
ACH-000116,Ovary/Fallopian Tube,WT_no_MBD4_record,False,False,0.2905054,0.130977,0.9464876,5
ACH-000621,Breast,WT_no_MBD4_record,False,False,0.2931114,0.166166,0.973047,5
ACH-000819,CNS/Brain,WT_no_MBD4_record,False,False,0.2932968,0.2882,0.9689346000000001,5
ACH-001578,Testis,WT_no_MBD4_record,False,False,0.295362,0.430547,0.976831,4
ACH-000473,Bladder/Urinary Tract,WT_no_MBD4_record,False,False,0.296173,0.326803,0.9693004000000001,5
ACH-000857,Breast,WT_no_MBD4_record,False,False,0.29669080000000003,0.299865,0.970413,5
ACH-001336,Cervix,WT_no_MBD4_record,False,False,0.29976820000000004,0.187883,0.9636184,5
ACH-000858,Lung,WT_no_MBD4_record,False,False,0.3029506,0.126056,0.9699438,5
ACH-000906,Ovary/Fallopian Tube,WT_no_MBD4_record,False,False,0.30355959999999993,0.533627,0.9478730000000001,5
ACH-000554,Breast,WT_no_MBD4_record,False,False,0.3043164,0.689262,0.970505,5
ACH-000196,Breast,WT_no_MBD4_record,False,True,0.3043376,0.294072,0.9333382,5
ACH-000681,Lung,WT_no_MBD4_record,False,False,0.3043902,0.03878,0.944196,5
ACH-000810,Skin,WT_no_MBD4_record,False,False,0.3100212,0.29781,0.9587866,5
ACH-002170,Lung,WT_no_MBD4_record,False,False,0.31160424999999997,0.340719,0.98920925,4
ACH-000516,Bone,WT_no_MBD4_record,False,False,0.31218899999999994,0.363219,0.967337,5
ACH-000940,Uterus,WT_no_MBD4_record,False,False,0.31736960000000003,0.366638,0.979344,5
ACH-000169,Soft Tissue,WT_no_MBD4_record,False,False,0.3174936,0.073753,0.9618874,5
ACH-000620,Liver,WT_no_MBD4_record,False,False,0.31993360000000004,0.15322,0.9586096,5
ACH-000304,Skin,WT_no_MBD4_record,False,False,0.32192800000000005,0.492941,0.9448234,5
ACH-002283,Peripheral Nervous System,WT_no_MBD4_record,False,False,0.32213640000000004,0.356815,0.9210018,5
ACH-000155,Pancreas,WT_no_MBD4_record,False,False,0.32503,0.339243,0.96205125,4
ACH-000804,Peripheral Nervous System,WT_no_MBD4_record,False,False,0.328939,0.351341,0.9636635,4
ACH-000595,CNS/Brain,WT_no_MBD4_record,False,False,0.3329364,0.283965,0.9624140000000001,5
ACH-000438,Lung,WT_no_MBD4_record,False,True,0.33591519999999997,0.344528,0.9338836,5
ACH-000427,Esophagus/Stomach,WT_no_MBD4_record,False,False,0.337343,0.420149,0.9159393333333333,3
ACH-000776,CNS/Brain,WT_no_MBD4_record,False,True,0.33738999999999997,0.335583,0.9581478000000001,5
ACH-000383,Esophagus/Stomach,WT_no_MBD4_record,False,False,0.339269,0.521331,0.9339024,5
ACH-000665,Lung,WT_no_MBD4_record,False,False,0.3463664,0.218618,0.9581631999999999,5
ACH-000997,Bowel,WT_no_MBD4_record,False,False,0.34915979999999996,0.458966,0.9569652,5
ACH-000250,Kidney,WT_no_MBD4_record,False,False,0.35363920000000004,0.432887,0.9621869999999999,5
ACH-000655,CNS/Brain,WT_no_MBD4_record,False,False,0.356593,0.20566,0.9577888,5
ACH-000748,Bone,WT_no_MBD4_record,False,False,0.35894950000000003,0.32390149999999995,0.946976,4
ACH-000596,Lung,WT_no_MBD4_record,False,False,0.3614496,0.218631,0.979209,5
ACH-000924,Lung,WT_no_MBD4_record,False,False,0.3691782,0.391733,0.9705622,5
ACH-000945,Lung,WT_no_MBD4_record,False,False,0.37198600000000004,0.286861,0.9756218000000001,5
ACH-000835,Soft Tissue,WT_no_MBD4_record,False,False,0.3744262,0.468045,0.9622526,5
ACH-000527,Ovary/Fallopian Tube,WT_no_MBD4_record,False,False,0.37674719999999995,0.417591,0.9622838,5
ACH-000950,Bowel,WT_no_MBD4_record,False,False,0.37887,0.466759,0.9496743999999999,5
ACH-000277,Breast,WT_no_MBD4_record,False,False,0.37949720000000003,0.338485,0.9826229999999999,5
ACH-000587,Lung,WT_no_MBD4_record,False,False,0.3819976,0.312945,0.9548278,5
ACH-000738,CNS/Brain,WT_no_MBD4_record,False,False,0.385368,0.503922,0.9035306000000001,5
ACH-000335,Pleura,WT_no_MBD4_record,False,False,0.3938756,0.611697,0.9598406,5
ACH-000188,Head and Neck,WT_no_MBD4_record,False,False,0.3951422,0.484206,0.9777891999999999,5
ACH-000410,Bone,WT_no_MBD4_record,False,False,0.3973964,0.464273,0.9694113999999999,5
ACH-000108,Pancreas,WT_no_MBD4_record,False,False,0.4042014,0.733883,0.977943,5
ACH-000711,Breast,WT_no_MBD4_record,False,False,0.41237019999999996,0.28627,0.97957,5
ACH-000201,Kidney,WT_no_MBD4_record,False,False,0.4125114,0.311929,0.945269,5
ACH-000601,Pancreas,WT_no_MBD4_record,False,False,0.41253519999999994,0.247363,0.9752366,5
ACH-000614,Skin,WT_no_MBD4_record,False,False,0.4171506,0.523883,0.9728512,5
ACH-000243,Pancreas,WT_no_MBD4_record,False,False,0.4181445999999999,0.514022,0.9701214,5
ACH-000040,CNS/Brain,WT_no_MBD4_record,False,False,0.4205084,0.360305,0.9238996,5
ACH-000680,Bowel,WT_no_MBD4_record,False,False,0.42878239999999995,0.480834,0.9603206,5
ACH-000848,Liver,WT_no_MBD4_record,False,False,0.42902579999999996,0.171641,0.9564104,5
ACH-000204,Lymphoid,WT_no_MBD4_record,False,False,0.437878,0.76464,0.9777321999999999,5
ACH-000456,Thyroid,WT_no_MBD4_record,False,False,0.4403962,0.219463,0.952475,5
ACH-000930,Breast,WT_no_MBD4_record,False,False,0.4407052,0.508672,0.9692132000000001,5
ACH-000547,Bladder/Urinary Tract,WT_no_MBD4_record,False,False,0.44720899999999997,0.531654,0.9574847999999999,5
ACH-000478,Liver,WT_no_MBD4_record,False,False,0.448449,0.478156,0.9473459999999999,5
ACH-000144,Esophagus/Stomach,WT_no_MBD4_record,False,False,0.4543368,0.437289,0.9683744000000001,5
ACH-000822,Skin,WT_no_MBD4_record,False,False,0.4605068,0.400412,0.9575587999999999,5
ACH-000476,Liver,WT_no_MBD4_record,False,False,0.4620838,0.539159,0.9512128000000001,5
ACH-000319,Pleura,WT_no_MBD4_record,False,False,0.4661626,0.419398,0.971395,5
ACH-000356,Esophagus/Stomach,WT_no_MBD4_record,False,False,0.46729640000000006,0.502311,0.9515084,5
ACH-000515,Lung,WT_no_MBD4_record,False,False,0.4681126,0.438213,0.9845838,5
ACH-000381,Bowel,WT_no_MBD4_record,False,False,0.4706198,0.667325,0.9635634,5
ACH-000493,Liver,WT_no_MBD4_record,False,False,0.48243659999999994,0.637718,0.95268,5
ACH-000148,Breast,WT_no_MBD4_record,False,False,0.48399179999999997,0.508971,0.9660724,5
ACH-000023,Pancreas,WT_no_MBD4_record,False,False,0.489194,0.571252,0.9738327999999999,5
ACH-000292,Lung,WT_no_MBD4_record,False,False,0.49468639999999997,0.402705,0.9728038,5
ACH-000012,Lung,WT_no_MBD4_record,False,False,0.49470480000000006,0.84168,0.9433676,5
ACH-000915,Skin,WT_no_MBD4_record,False,False,0.49655260000000007,0.564376,0.9682206000000001,5
ACH-000752,Lung,WT_no_MBD4_record,False,True,0.49678680000000003,0.798939,0.9807076,5
ACH-000147,Breast,WT_no_MBD4_record,False,True,0.5046986,0.496667,0.9730724000000001,5
ACH-000433,Kidney,WT_no_MBD4_record,False,False,0.5062842,0.551649,0.9217306000000001,5
ACH-001398,Kidney,WT_no_MBD4_record,False,False,0.5109503999999999,0.360936,0.9585402000000001,5
ACH-000878,Lung,WT_no_MBD4_record,False,False,0.5133295999999999,0.392107,0.9663764,5
ACH-000470,Bowel,WT_no_MBD4_record,False,False,0.5222782,0.3998,0.9663640000000001,5
ACH-000030,Lung,WT_no_MBD4_record,False,True,0.5239558,0.208872,0.9553684,5
ACH-000231,CNS/Brain,WT_no_MBD4_record,False,False,0.5267818,0.377232,0.9630029999999999,5
ACH-001190,Skin,WT_no_MBD4_record,False,False,0.53328,0.631776,0.9874892,5
ACH-000360,Bowel,WT_no_MBD4_record,False,False,0.5359238000000001,0.560181,0.9523422,5
ACH-000633,Esophagus/Stomach,WT_no_MBD4_record,False,True,0.5406369999999999,0.48779399999999995,0.93382175,4
ACH-000968,Skin,WT_no_MBD4_record,False,False,0.543257,0.718043,0.9754685999999999,5
ACH-000450,Skin,WT_no_MBD4_record,False,False,0.5448114000000001,0.375447,0.9717796,5
ACH-000408,Esophagus/Stomach,WT_no_MBD4_record,False,True,0.5496475999999999,0.431419,0.962877,5
ACH-000881,Skin,WT_no_MBD4_record,False,False,0.5498952000000001,0.724597,0.9761506000000001,5
ACH-001641,Head and Neck,WT_no_MBD4_record,True,False,0.5524848,0.417535,0.9610554,5
ACH-000867,Lung,WT_no_MBD4_record,False,False,0.5555436,0.422643,0.977908,5
ACH-001307,Thyroid,WT_no_MBD4_record,False,False,0.5634707999999999,0.62399,0.9517026,5
ACH-000192,Uterus,WT_no_MBD4_record,False,False,0.5704686,0.587764,0.9579888000000001,5
ACH-000117,Breast,WT_no_MBD4_record,False,False,0.5730071999999999,0.476279,0.9688724000000001,5
ACH-000521,Lung,WT_no_MBD4_record,False,False,0.5765309999999999,0.585198,0.9572988,5
ACH-000421,Bowel,WT_no_MBD4_record,False,False,0.5791662,0.555904,0.9660922,5
ACH-000662,Lung,WT_no_MBD4_record,False,False,0.5845924,0.473662,0.9523702000000001,5
ACH-000337,Lung,WT_no_MBD4_record,False,False,0.5886166,0.752353,0.963468,5
ACH-000139,Pancreas,WT_no_MBD4_record,False,False,0.5948052500000001,0.652235,0.969944,4
ACH-000091,Ovary/Fallopian Tube,WT_no_MBD4_record,False,False,0.597164,0.472216,0.9710357999999999,5
ACH-000720,Bladder/Urinary Tract,WT_no_MBD4_record,False,False,0.5982912,0.600726,0.95773,5
ACH-000580,Skin,WT_no_MBD4_record,False,False,0.6023742000000001,0.587511,0.9598317999999999,5
ACH-000976,Biliary Tract,WT_no_MBD4_record,False,False,0.6049062,0.456105,0.9537756,5
ACH-001344,Peripheral Nervous System,WT_no_MBD4_record,False,False,0.6215944,0.712165,0.9525764000000001,5
ACH-000628,Lung,WT_no_MBD4_record,False,False,0.6227016000000001,0.884054,0.9610774,5
ACH-000684,Kidney,WT_no_MBD4_record,False,False,0.6355155,0.671497,0.96767425,4
ACH-000544,Esophagus/Stomach,WT_no_MBD4_record,False,False,0.6525696,0.690272,0.9722502000000001,5
ACH-000298,Lung,WT_no_MBD4_record,False,False,0.6614732,0.66503,0.9847854,5
ACH-000652,Pancreas,WT_no_MBD4_record,False,False,0.6656124,0.602016,0.9312556000000001,5
ACH-000510,Lung,WT_no_MBD4_record,False,False,0.6703034000000001,0.599898,0.9657892,5
ACH-000548,Head and Neck,WT_no_MBD4_record,False,False,0.6729764,0.768316,0.9710304000000001,5
ACH-000861,Lung,WT_no_MBD4_record,False,False,0.6749186,1.03469,0.9398723999999999,5
ACH-000573,Breast,WT_no_MBD4_record,False,False,0.6752922,0.515415,0.9644360000000001,5
ACH-000585,Lung,WT_no_MBD4_record,False,False,0.6832516,0.607116,0.9678142,5
ACH-000232,CNS/Brain,WT_no_MBD4_record,False,False,0.686775,0.646712,0.9701869999999999,5
ACH-000865,Esophagus/Stomach,WT_no_MBD4_record,False,False,0.6868144,0.686649,0.9722408,5
ACH-000238,Head and Neck,WT_no_MBD4_record,False,False,0.6911598,0.70453,0.9744122000000001,5
ACH-000330,Breast,WT_no_MBD4_record,False,False,0.7026014,0.743323,0.9684190000000001,5
ACH-000264,Lung,WT_no_MBD4_record,False,False,0.707679,0.548824,0.9497859999999999,5
ACH-000617,Ovary/Fallopian Tube,WT_no_MBD4_record,False,False,0.7088584,0.660274,0.9710596,5
ACH-000616,Esophagus/Stomach,WT_no_MBD4_record,False,False,0.7089027999999999,0.655272,0.9524584,5
ACH-000579,Skin,WT_no_MBD4_record,False,False,0.713533,0.425393,0.9636764,5
ACH-000979,Prostate,WT_no_MBD4_record,False,False,0.7137119999999999,0.680867,0.9632618000000001,5
ACH-000627,Lung,WT_no_MBD4_record,False,False,0.7311488,0.764391,0.9709728,5
ACH-000826,Lung,WT_no_MBD4_record,False,False,0.7341498,0.767469,0.9806712,5
ACH-000054,Soft Tissue,WT_no_MBD4_record,False,False,0.7410715999999999,0.909463,0.9594978000000001,5
ACH-000532,Bowel,WT_no_MBD4_record,False,False,0.7519262,0.704423,0.977496,5
ACH-000364,Bone,WT_no_MBD4_record,False,False,0.7526306,0.89093,0.9797506,5
ACH-000663,Ovary/Fallopian Tube,WT_no_MBD4_record,False,False,0.7529838,0.642272,0.9638004,5
ACH-000651,Bowel,WT_no_MBD4_record,False,False,0.7685676,0.489331,0.932588,5
ACH-000276,Breast,WT_no_MBD4_record,False,False,0.7724736,0.413915,0.9659376,5
ACH-000605,Esophagus/Stomach,WT_no_MBD4_record,False,False,0.7750586,0.649731,0.9684336,5
ACH-001350,Thyroid,WT_no_MBD4_record,False,False,0.7765008,0.758635,0.973334,5
ACH-000730,Skin,WT_no_MBD4_record,False,False,0.7880682,0.6269,0.9698726000000001,5
ACH-000853,Lung,WT_no_MBD4_record,True,False,0.7920716000000001,0.939204,0.9797740000000001,5
ACH-000244,CNS/Brain,WT_no_MBD4_record,False,False,0.8023527999999999,0.705719,0.9611136,5
ACH-000082,Bone,WT_no_MBD4_record,False,False,0.8031036,0.778646,0.9655292,5
ACH-000647,Esophagus/Stomach,WT_no_MBD4_record,False,False,0.8035664,0.88779,0.9570272,5
ACH-000019,Breast,WT_no_MBD4_record,False,False,0.8067196000000001,0.851973,0.9655381999999999,5
ACH-000475,Liver,WT_no_MBD4_record,False,False,0.8141376000000001,0.998847,0.9658428000000001,5
ACH-000374,Breast,WT_no_MBD4_record,False,False,0.8148478000000001,0.832488,0.9664102,5
ACH-000417,Pancreas,WT_no_MBD4_record,False,False,0.8333376000000001,0.986354,0.964053,5
ACH-001519,Bone,WT_no_MBD4_record,False,False,0.840973,1.104613,0.9422406000000001,5
ACH-000811,Ovary/Fallopian Tube,WT_no_MBD4_record,False,False,0.8451046,0.689988,0.934075,5
ACH-000724,Bladder/Urinary Tract,WT_no_MBD4_record,False,False,0.8471304,0.8669,0.9702824,5
ACH-000841,Lung,WT_no_MBD4_record,False,False,0.8487918000000001,0.722495,0.9559443999999999,5
ACH-001227,Head and Neck,WT_no_MBD4_record,False,False,0.8506234000000001,1.095383,0.9562716,5
ACH-000249,Bowel,WT_no_MBD4_record,False,False,0.855247,0.488436,0.931961,5
ACH-000153,Pleura,WT_no_MBD4_record,False,False,0.8599244,0.848456,0.9666884,5
ACH-000793,Esophagus/Stomach,WT_no_MBD4_record,False,False,0.868125,1.199714,0.9485298,5
ACH-000464,CNS/Brain,WT_no_MBD4_record,False,False,0.8836030000000001,1.055032,0.9595058,5
ACH-000784,Esophagus/Stomach,WT_no_MBD4_record,False,False,0.8872222000000001,0.877534,0.9667923999999999,5
ACH-000420,Liver,WT_no_MBD4_record,False,True,0.9046694000000001,0.825061,0.9453850000000001,5
ACH-000288,Breast,WT_no_MBD4_record,False,False,0.9189128,1.01728,0.9585112,5
ACH-000018,Bladder/Urinary Tract,WT_no_MBD4_record,False,False,0.9255462,0.897557,0.9771257999999999,5
ACH-000622,CNS/Brain,WT_no_MBD4_record,True,False,0.9418298,0.998175,0.9637703999999999,5
ACH-000061,Lymphoid,WT_no_MBD4_record,True,False,0.9463436000000002,0.954099,0.9836582,5
ACH-000644,Skin,WT_no_MBD4_record,False,False,0.9638844000000001,0.673862,0.9237422000000001,5
ACH-000894,Lung,WT_no_MBD4_record,False,True,0.9673926666666667,0.830972,0.9634656666666667,3
ACH-000159,Kidney,WT_no_MBD4_record,False,False,0.9727134,1.007677,0.9701138,5
ACH-000090,Prostate,WT_no_MBD4_record,False,False,0.9752903999999999,1.093803,0.9579422,5
ACH-000528,Lung,WT_no_MBD4_record,False,False,0.976081,1.008668,0.9756195999999999,5
ACH-001306,Thyroid,WT_no_MBD4_record,False,False,0.9891338,1.314591,0.9617918,5
ACH-000351,Esophagus/Stomach,WT_no_MBD4_record,False,False,0.9981405999999999,0.89317,0.9702515999999999,5
ACH-000505,Soft Tissue,WT_no_MBD4_record,False,False,1.0015176000000001,1.241809,0.9701568,5
ACH-000840,Lung,WT_no_MBD4_record,False,False,1.0021176,1.147051,0.9582577999999999,5
ACH-000927,Breast,WT_no_MBD4_record,False,False,1.0047936,1.230848,0.9658116,5
ACH-000332,Pancreas,WT_no_MBD4_record,False,False,1.0092734,1.000575,0.9514596000000001,5
ACH-000403,Bowel,WT_no_MBD4_record,False,False,1.0139586,1.101361,0.9429892000000001,5
ACH-000666,Lung,WT_no_MBD4_record,False,False,1.0452368,1.120025,0.9571783999999999,5
ACH-000574,Ovary/Fallopian Tube,WT_no_MBD4_record,False,False,1.05201825,1.1403729999999999,0.9634595,4
ACH-000524,Ovary/Fallopian Tube,WT_no_MBD4_record,False,True,1.0696384,1.021504,0.968651,5
ACH-000021,Lung,WT_no_MBD4_record,False,False,1.0815742,0.980105,0.935109,5
ACH-000042,Pancreas,WT_no_MBD4_record,False,False,1.0867212,0.856139,0.9488974000000001,5
ACH-000599,Pancreas,WT_no_MBD4_record,False,False,1.0927364000000002,0.817473,0.9464664,5
ACH-000716,Thyroid,WT_no_MBD4_record,False,False,1.1110486,0.646563,0.9271884,5
ACH-000514,Lung,WT_no_MBD4_record,False,True,1.1162562,1.026099,0.9793108,5
ACH-000890,Lung,WT_no_MBD4_record,False,False,1.1176142,1.186866,0.9426678,5
ACH-000637,Esophagus/Stomach,WT_no_MBD4_record,False,False,1.1235138,1.299084,0.9528833999999999,5
ACH-000223,Breast,WT_no_MBD4_record,False,False,1.1340692,1.2626,0.9744802,5
ACH-000678,Esophagus/Stomach,WT_no_MBD4_record,False,False,1.1677946000000001,1.083978,0.9662904000000001,5
ACH-000281,Pancreas,WT_no_MBD4_record,False,False,1.1761256,1.041424,0.9736024000000001,5
ACH-000189,Kidney,WT_no_MBD4_record,False,False,1.1783519999999998,1.526716,0.9382618,5
ACH-000869,Lung,WT_no_MBD4_record,False,False,1.1907626,1.511952,0.962248,5
ACH-000118,Pancreas,WT_no_MBD4_record,False,False,1.2054234,1.298978,0.9546286,5
ACH-000291,Ovary/Fallopian Tube,WT_no_MBD4_record,False,False,1.226414,1.163663,0.9516586,5
ACH-000809,Esophagus/Stomach,WT_no_MBD4_record,False,False,1.2512968,1.250062,0.9614269999999999,5
ACH-000448,Lung,WT_no_MBD4_record,False,True,1.2986347999999999,1.215843,0.9533976000000001,5
ACH-000552,Bowel,WT_no_MBD4_record,False,False,1.3050222,1.226256,0.9790512,5
ACH-000217,Liver,WT_no_MBD4_record,False,False,1.3138644,1.405692,0.968589,5
ACH-000293,Uterus,WT_no_MBD4_record,False,True,1.3405293999999999,1.353345,0.9492742,5
ACH-000347,Pancreas,WT_no_MBD4_record,False,False,1.3552232,1.51484,0.9702522,5
ACH-000114,Pancreas,WT_no_MBD4_record,False,False,1.3804282,1.396357,0.9711926,5
ACH-001151,Ovary/Fallopian Tube,WT_no_MBD4_record,False,False,1.3907014,1.365888,0.9571884,5
ACH-000352,Breast,WT_no_MBD4_record,False,False,1.3911294,1.26707,0.9686496,5
ACH-000270,Pancreas,WT_no_MBD4_record,False,False,1.405317,1.613364,0.956469,5
ACH-000035,Lung,WT_no_MBD4_record,False,False,1.4149026,1.720884,0.9606292,5
ACH-000674,Esophagus/Stomach,WT_no_MBD4_record,False,False,1.4383877999999999,1.642918,0.9564688,5
ACH-000009,Bowel,WT_no_MBD4_record,False,False,1.4417392,1.384309,0.9639066,5
ACH-000212,Breast,WT_no_MBD4_record,False,True,1.5227182,1.81069,0.9477055999999999,5
ACH-000759,Breast,WT_no_MBD4_record,False,True,1.57232175,1.8358165,0.9395315,4
ACH-000706,Lung,WT_no_MBD4_record,False,False,1.5760812,1.561141,0.958126,5
ACH-000484,Kidney,WT_no_MBD4_record,False,False,1.596495,1.604111,0.970337,5
ACH-000559,Lung,WT_no_MBD4_record,False,False,1.6204357999999999,1.659499,0.9788257999999999,5
ACH-000648,Pleura,WT_no_MBD4_record,False,False,1.6943552,1.348102,0.9408074,5
ACH-000308,Ovary/Fallopian Tube,WT_no_MBD4_record,False,False,1.7437112,1.685159,0.9487422000000001,5
ACH-000060,Pancreas,WT_no_MBD4_record,False,False,1.8489200000000001,1.748036,0.9461746,5
ACH-000367,Pleura,WT_no_MBD4_record,False,False,1.8926912000000002,1.86828,0.9543512,5
ACH-000888,Lung,WT_no_MBD4_record,False,False,1.9290517999999999,1.850575,0.9684519999999999,5
ACH-000350,Bowel,WT_no_MBD4_record,False,False,2.015412,1.902727,0.9532513999999999,5
ACH-000718,Lung,WT_no_MBD4_record,False,False,2.0164228,1.8679,0.9623989999999999,5
ACH-000235,Pancreas,WT_no_MBD4_record,False,False,2.0965565,2.0771895000000002,0.9369465,4
ACH-000200,CNS/Brain,WT_no_MBD4_record,False,False,2.1086228,2.010752,0.9297091999999999,5
ACH-000818,Breast,WT_no_MBD4_record,False,True,2.1474555,2.3681825,0.95742425,4
ACH-000222,Pancreas,WT_no_MBD4_record,False,False,2.5473504,2.606685,0.9522894000000001,5
ACH-000719,Ovary/Fallopian Tube,WT_no_MBD4_record,False,False,2.5505005,2.4196,0.96041525,4
ACH-001338,Peripheral Nervous System,nonLOF_mut,False,False,-1.5209153333333336,-1.508016,0.749355,3
ACH-000988,Uterus,nonLOF_mut,False,False,0.05250619999999999,0.161206,0.959386,5
